{
  "train_loss": [
    1.5630646809195958,
    1.540452178967554,
    1.5235655038528324,
    1.5069425300067552,
    1.494270100461469,
    1.4750830969383002,
    1.4642807238833084,
    1.462540198445733,
    1.4518820331297548,
    1.449987890125009,
    1.4391899039626992,
    1.4370766535957487,
    1.4361211808198413,
    1.4238012902504575,
    1.4168531112645213,
    1.424635029242744,
    1.4114567637214206,
    1.4134191598925236,
    1.4068976432463443,
    1.3968659115553177,
    1.398176568294773,
    1.3923038476794993,
    1.393008373800999,
    1.3883193268047567,
    1.3898945952801118,
    1.3876229966315181,
    1.3860970677757043,
    1.3829794813917893,
    1.382288698647379,
    1.369412083587265,
    1.379661597853305,
    1.3803427661093624,
    1.370629287399022,
    1.3708763322998991,
    1.3655527641150345,
    1.3677310568408445,
    1.359326167673549,
    1.3645831826743184,
    1.3610592677346465,
    1.3602055163510078
  ],
  "train_acc": [
    0.24047710657945365,
    0.272027702962678,
    0.2866487110427087,
    0.30434782608695654,
    0.29011158137745285,
    0.3201231242785687,
    0.3308964986533282,
    0.3185840707964602,
    0.32974220854174685,
    0.31550596383224316,
    0.32897268180069256,
    0.3443632166217776,
    0.34051558291650635,
    0.3505194305502116,
    0.351673720661793,
    0.3370527125817622,
    0.3589842247018084,
    0.3532127741439015,
    0.3520584840323201,
    0.3724509426702578,
    0.3593689880723355,
    0.3774528664871104,
    0.36552520200076954,
    0.37360523278183916,
    0.360908041554444,
    0.3689880723355137,
    0.37629857637552905,
    0.37937668333974606,
    0.367064255482878,
    0.39399769141977686,
    0.3774528664871104,
    0.3770681031165833,
    0.37591381300500193,
    0.3859176606387072,
    0.3916891111966141,
    0.38476337052712584,
    0.39091958445555985,
    0.38245479030396307,
    0.38707195075028855,
    0.38976529434397844
  ],
  "val_loss": [
    1.5432969610507672,
    1.5254250240325928,
    1.5097226898486797,
    1.4992825731864343,
    1.4934906086554893,
    1.474201926451463,
    1.4707440009483925,
    1.4685927248001098,
    1.4712104646976178,
    1.4530103481732881,
    1.4607264155607957,
    1.4520433015089769,
    1.442089084478525,
    1.438029240828294,
    1.4574631074758677,
    1.4397850542802078,
    1.4304778605241042,
    1.5411881751280565,
    1.4180765834221474,
    1.412598825601431,
    1.4130760834767269,
    1.4159493633416982,
    1.4102271571526162,
    1.4109853003575252,
    1.4098566429431623,
    1.406340909737807,
    1.4077252670434806,
    1.4203346215761625,
    1.393140703714811,
    1.405102359698369,
    1.398670908854558,
    1.3926035257486196,
    1.4038606526301458,
    1.3961035614747268,
    1.4534815531510574,
    1.3924707962916447,
    1.3867556990109957,
    1.3888033448732817,
    1.3838730335235596,
    1.387765107521644
  ],
  "val_acc": [
    0.23846153846153847,
    0.26615384615384613,
    0.2723076923076923,
    0.2923076923076923,
    0.3292307692307692,
    0.3030769230769231,
    0.3261538461538461,
    0.26615384615384613,
    0.33692307692307694,
    0.34615384615384615,
    0.33692307692307694,
    0.3569230769230769,
    0.3476923076923077,
    0.3076923076923077,
    0.2969230769230769,
    0.34615384615384615,
    0.31384615384615383,
    0.32153846153846155,
    0.35384615384615387,
    0.3415384615384615,
    0.3446153846153846,
    0.3676923076923077,
    0.36,
    0.3630769230769231,
    0.34615384615384615,
    0.35384615384615387,
    0.36923076923076925,
    0.33384615384615385,
    0.3569230769230769,
    0.3723076923076923,
    0.3646153846153846,
    0.36153846153846153,
    0.3507692307692308,
    0.3707692307692308,
    0.3030769230769231,
    0.3676923076923077,
    0.36,
    0.3569230769230769,
    0.36615384615384616,
    0.3569230769230769
  ],
  "learning_rates": [
    0.001,
    0.001,
    0.001,
    0.001,
    0.001,
    0.001,
    0.001,
    0.001,
    0.001,
    0.001,
    0.001,
    0.001,
    0.001,
    0.001,
    0.001,
    0.001,
    0.001,
    0.001,
    0.0005,
    0.0005,
    0.0005,
    0.0005,
    0.0005,
    0.0005,
    0.0005,
    0.0005,
    0.0005,
    0.0005,
    0.0005,
    0.0005,
    0.0005,
    0.0005,
    0.0005,
    0.0005,
    0.0005,
    0.0005,
    0.00025,
    0.00025,
    0.00025,
    0.00025
  ]
}